reddit_submissions,BBG000LKCT40,1609542404,ggyidddt,AUMN is looking like it‚Äôs gonna keep going up,Unnamed: 5,Unnamed: 6,RobinHoodPennyStocks,t5_3hr9s,3,582198
reddit_comments,BBG000BZX1N5,1609463001,suti_swiss,what is that aiz?,1.0,0.0,DanMachi,5303485,,
reddit_comments,BBG000BZX1N5,1609482768,CrazyFunnyDude,Glad to see another person with the Aiz bunny.,2.0,0.0,AnimeFigures,4707590,,
reddit_comments,BBG000BZX1N5,1609461397,Telesamin1,https://youtu.be/WnAizIk0SZA the song,11.0,0.0,Unexpected,4860278,,
reddit_comments,BBG000BZX1N5,1609541124,Pukicho27,I swear Aiz really is a cutie all the time,51.0,0.0,DanMachi,5303485,,
reddit_comments,BBG000BZX1N5,1609475169,TheSafavidEmpire,Google would like you to translate the following: paskaties aiz sevis,2.0,0.0,AskReddit,4594374,,
reddit_comments,BBG000BZX1N5,1609461413,Telesamin1,https://youtu.be/WnAizIk0SZA here you go,1.0,0.0,Unexpected,4860278,,
reddit_comments,BBG000BZX1N5,1609543860,Vimento,"SO anime, though poorly adapted, had some cute moments for Aiz NGL",39.0,0.0,DanMachi,5303485,,
reddit_comments,BBG000BZX1N5,1609471686,bless_ure_harte,[Is this you?](https://youtu.be/AIzT7wBjfBs),3.0,0.0,SubredditDrama,4702079,,
reddit_comments,BBG000BZX1N5,1609513331,Tz_axel,he was pretty much only Aiz(still is) . the other girls are distraction!!??,3.0,0.0,DanMachi,5303485,,
reddit_comments,BBG000BZX1N5,1609479372,Rotermisten,And tried to release a herd of minotaurs to stop Bell from dancing with Aiz,1.0,0.0,DanMachi,5303485,,
reddit_comments,BBG000BZX1N5,1609494606,mib-number86,"Shipping aside, i think the fact that Bell is so focused on Aiz that he can resist to two beauty goddess + (spoiler for possible anime season 4 ) &gt;!naked Ryu!&lt; is an heroic task in itself.",14.0,0.0,DanMachi,5303485,,
reddit_comments,BBG000BZX1N5,1609464664,carlovski99,"Has been mentioned, but straight storm brand assassin still slaps hard, just needs a bit more investment. I played one in heist and it was the fastest clear and some of the stupidest single target I have done in a long time.
Awful quality and badly played vid here https://youtu.be/O4bOtieAizQ",2.0,0.0,PathOfExileBuilds,4857056,,
reddit_comments,BBG000BZX1N5,1609512107,hybatir,"I couldn't accept that personally. Ryuu doesn't deserve to share Bell with someone else my reasons are below.

1. IMO it doesn't fit the elf way 
2. The fact that she suppressed her feelings for syr's sake and never thought to share him means it would be out of character 
3. If Bell got Aiz I couldn't accept that Bell had real feelings for Ryuu sure he thinks she's pretty and admire her but love her I don't see it 

Ill be very disappointed if a hearm ending is made",3.0,0.0,RyuuLion,96778087,,
reddit_comments,BBG000BZX1N5,1609483822,LegendaryRQA,"Normally i agree with all your posts but i actually kinda hate the DanMachi dub...

Hestia is stellar (Christian always is) and i guess Bell is alright, but Mikoto just sounds dreadful and Hilary Haag is unfortunately starting to sound her age... Welf sounds a little misscast and i don't know how you would fix that, Aiz sounds dead inside (in a bad way that's not just Kudere), and Wiene is probably the worst ""child"" character i've ever heard... Anything that isn't straight up bad sounds mediocre like Loki. She's _passable_ but only because when compared to everyone else she sounds great... I could go on, but i think you get my point...",2.0,0.0,anime,4594394,,
reddit_comments,BBG000BZX1N5,1609463819,Sambidiah,"Wouldn't make sense. If Hestia's Familia were to get wiped out besides bell then realistically he'd go to the Loki Familia. All of them already respect him there plus his rapid growth makes him a random variable that Finn wouldn't let get under Freya's control. It'd keep Aiz and tiona happy and having someone who is a level 4 with the status of a advanced level 5 would be a great addition to their Familia. Having him be under Ouranos would spell disaster with the public image. They'd accuse the guild of favoritism which would remove the trust they have in the ""neutral"" party. Other than that I could see Zeus making a return if that were to happen and Bell becomes the last member of the Zeus Familia.",4.0,0.0,DanMachi,5303485,,
reddit_comments,BBG000BZX1N5,1609459996,Rotermisten,"I want some Zeus and Hera familia stuff alongside Albert Wallenstein 

At the end of LN 15, Bell begins to wonder about the connection between Aiz and Albert. I'd love to see Bell go to Hermes for help finding information. Hermes would talk about them and begin to lead Bell into finding information about Zeus and Hera. The stories of Zard and Alfia would be covered as Bell would speak with Hermes, Ottarl, Ryu, and Finn trying to learn more about the Evilus that Jura had been a part of and that Zard and Alfia had aligned with for their own reasons. Bell would learn about Astrea and Alfia and Hermes would perhaps tell him about the private conversation between Alfia and Erebus at the end of Astrea Record. Let the LN end with Bell learning about his parents and that Alfia was his aunt and setting off with Ryu to find Astrea and Zeus.",2.0,0.0,DanMachi,5303485,,
reddit_comments,BBG000BZX1N5,1609493479,Sambidiah,The problem with this is if Loki and Freya go to war Orario will not have enough power to beat the OEBD unless Bell goes full protagonists mode and then some. Also Freya wouldn‚Äôt risk sending hestia back while bell is in the dungeon. That would be way too risky even for Freya she doesn‚Äôt want to take that chance with bell dying. The other reason why Bell and Aiz will probably never be in the same Familia is because it would make Sword Oratoria not needed. The main cast should all be safe from dying but Bell is probably gonna get his ass kicked a lot in the upcoming volumes. I‚Äôd love to see them in the same Familia so they can interact more but it‚Äôs highly unlikely.  The author did say somewhere that once Bell is level 5/6(don‚Äôt remember which one I think it was 6) they are going to have more interactions.,11.0,0.0,DanMachi,5303485,,
reddit_comments,BBG000BZX1N5,1609462720,41reserve," **Item Name**: Grand Seiko GMT SBGE005

**Price**: $2650 Free Shipping 

**Trades**: No trades accepted at this time 

**Payment methods:** PayPal ( F&amp;F preferred) + 3% for G&amp;S , Zelle

**What's Included:** Watch, Box, complete set

**Condition:** Pre Owned good Condition 

**Where am I:** USA

**Where will I ship**: Worldwide

**Pics:** https://imgur.com/a/2CuERQi

**Timestamp:** **https://imgur.com/a/KEyvAiz**

**Description:** Hey everyone, happy holidays, I have in stock Good condition, full-kit pre-owned 2018 example of the Grand Seiko GMT SBGE005 . Watch has been well taken care of and preserved with all documentation and coming off a recent service from Grand Seiko of America dated 05/2019. Light polish away from retail. Included is inner/outer box, Spring Drive product manual, service documentation, all original links and 3-year GS warranty booklet dated 01/2018.

Watch Features: 

Stainless Steel, Silver

Movement

Mechanical (Automatic)

Features

GMT, Date Indicator

Band Color

Silver

Case Size

40 mm

Type

Wristwatch

Dial Style

Non-Numeric Hour Marks

Band Width

20 mm

Case Color

Silver

**SHIPPING TIME**

Shipped within 1 business day 

Thanks. As always if there‚Äôs any request for more info, please DM/ Chat me.

**Instagram:** 41reserve

**Site:** 41reserve.com",2.0,0.0,Watchexchange,4700138,,
reddit_comments,BBG000BZX1N5,1609485250,Verzwei,"I usually like Haag, and I don't think she disappointed here. She's got a good sound for the schemer archetype that fits her early characterization.

I hard disagree on Welf. I actually like him a lot. He's got this kinda cocky sound but then also sounds like the team dad at the same time and I really like it. And, coincidentally, it's his interactions with Haag's Lily that I like the best.

I never took Aiz as a kuudere... Or, at least, not the ""dere"" part. She's just very stoic and aloof and barely shows interest in anything. There's a different Sentai actress who I might have liked _more_ as Aiz, but I don't have any problems with the one we got.

As for Wiene, I've got no comment. Thus far, I've only watched the first main season, the first OVA, the Sword Oratoria spin-off, the Arrow film, and 10 episodes of Season 2, so I haven't encountered her yet. Some light googling suggests I'll experience her soon, if I find her appalling then maybe I'll make a small update.

Mikoto might be the only one I come _close_ to agreeing with you. I'd not go so far as to say dreadful, but her phrasing is definitely, uh, distinct. My _assumption_, since the character is a samurai/ninja in what is otherwise a more medieval-style fantasy setting, is that Mikoto's original Japanese delivery is very direct, formal, and potentially antiquated, and it can be kind of hard to do the same thing in English when our language doesn't have such clear delineations between formal and casual speak. I notice that English Mikoto sounds better in the calm moments where she's just hanging out with the other cast. It's when she's in ""serious battle mode"" that it's easiest to critique. Since the series features so few ""east Asian"" characters, it might have even been a better solution to take a Princess Principal route and give her a Japanese accent rather than having her speak stiff American English. It would have gotten the ""difference"" in her speech (compared against the other cast) across but maybe allowed for better wordflow in the process.

Edit, 3 days later, so it's unlikely this will be seen, but I watched the rest of season 2 and the first episode of season 3. Based on what RQA said, I was expecting Wiene to be super-shrill or annoying or something, but she was totally fine. She just speaks in fragments (because she barely knows language) but I didn't find the voice off-putting or grating at all.",1.0,0.0,anime,4594394,,
reddit_comments,BBG000BZX1N5,1609511717,Andi_Apocrypha,"Of course Bell is Bell so I expect that he will want to help Xenos even as a member of Loki familia. What I wanted to point out here is that he will have no allies in this at all in his own familia. The biggest issue is Finn. He is Loki first child and he joined her under conditions that he will have her **full support** with his goals and we know that Finn in the beginning noticed really quickly that Xenos are different and could talk to humans and he still decided to kill them cuz if this info got spread wide then everything would become haotic and if not that, the fact that Braver would assiociate with monsters could ruin everything he did so far to spread his name as a light for pallums. And Loki would be on Finn side here, not Bell's. Maybe reluctantly a little bit but Finn would be far more important to her I think not even counting the contract she made with him when he joined her familia.

If you think about that, who of Loki familia would stay on Bell side in all of this? I can only think that Tiona wouldn't like killing monsters that have feelings and Lefiya probably too cuz in the end she is very similar to Bell and would probably arrive to the same conclusion as him. Other than those two? Most of them would choose to follow Finn orders with Aiz and Bete especially hating monsters and Tione being in love with Finn would never betray him.

So that was the issue I wanted to bring and I want to point out that the most problems would be in this arc",3.0,0.0,DanMachi,5303485,,
reddit_comments,BBG000PNTXP0,1609494678,ground_nuts,"\\[nmz@nmz-inspiron3521 \\~\\]$ lspci -k

00:00.0 Host bridge: Intel Corporation 3rd Gen Core processor DRAM Controller (rev 09)

Subsystem: Dell Device 0597

Kernel driver in use: ivb\\_uncore

&amp;#x200B;

00:02.0 VGA compatible controller: Intel Corporation 3rd Gen Core processor Graphics Controller (rev 09)

Subsystem: Dell Device 0597

Kernel driver in use: i915

Kernel modules: i915

&amp;#x200B;

00:14.0 USB controller: Intel Corporation 7 Series/C210 Series Chipset Family USB xHCI Host Controller (rev 04)

Subsystem: Dell Device 0597

Kernel driver in use: xhci\\_hcd

Kernel modules: xhci\\_pci

&amp;#x200B;

00:16.0 Communication controller: Intel Corporation 7 Series/C216 Chipset Family MEI Controller #1 (rev 04)

Subsystem: Dell Device 0597

Kernel driver in use: mei\\_me

Kernel modules: mei\\_me

&amp;#x200B;

00:1a.0 USB controller: Intel Corporation 7 Series/C216 Chipset Family USB Enhanced Host Controller #2 (rev 04)

Subsystem: Dell Device 0597

Kernel driver in use: ehci-pci

Kernel modules: ehci\\_pci

&amp;#x200B;

00:1b.0 Audio device: Intel Corporation 7 Series/C216 Chipset Family High Definition Audio Controller (rev 04)

Subsystem: Dell Device 0597

Kernel driver in use: snd\\_hda\\_intel

Kernel modules: snd\\_hda\\_intel

&amp;#x200B;

00:1c.0 PCI bridge: Intel Corporation 7 Series/C216 Chipset Family PCI Express Root Port 1 (rev c4)

Kernel driver in use: pcieport

&amp;#x200B;

00:1c.1 PCI bridge: Intel Corporation 7 Series/C210 Series Chipset Family PCI Express Root Port 2 (rev c4)

Kernel driver in use: pcieport

&amp;#x200B;

00:1d.0 USB controller: Intel Corporation 7 Series/C216 Chipset Family USB Enhanced Host Controller #1 (rev 04)

Subsystem: Dell Device 0597

Kernel driver in use: ehci-pci

Kernel modules: ehci\\_pci

&amp;#x200B;

00:1f.0 ISA bridge: Intel Corporation HM76 Express Chipset LPC Controller (rev 04)

Subsystem: Dell Device 0597

Kernel driver in use: lpc\\_ich

Kernel modules: lpc\\_ich

&amp;#x200B;

00:1f.2 SATA controller: Intel Corporation 7 Series Chipset Family 6-port SATA Controller \\[AHCI mode\\] (rev 04)

Subsystem: Dell Device 0597

Kernel driver in use: ahci

Kernel modules: ahci

&amp;#x200B;

00:1f.3 SMBus: Intel Corporation 7 Series/C216 Chipset Family SMBus Controller (rev 04)

Subsystem: Dell Device 0597

Kernel driver in use: i801\\_smbus

Kernel modules: i2c\\_i801

&amp;#x200B;

01:00.0 Ethernet controller: Realtek Semiconductor Co., Ltd. RTL810xE PCI Express Fast Ethernet controller (rev 05)

Subsystem: Dell Device 0597

Kernel driver in use: r8169

Kernel modules: r8169

&amp;#x200B;

02:00.0 Network controller: Broadcom Inc. and subsidiaries BCM43142 802.11b/g/n (rev 01)

Subsystem: Dell Wireless 1704 802.11n + BT 4.0

Kernel driver in use: wl

Kernel modules: bcma, wl",1.0,0.0,ManjaroLinux,4924897,,
reddit_comments,BBG000PNTXP0,1609518534,kelthfire,"
# Westland Single Malt Peated

## Thrice Reviewed Blind: Season 1 Episode 80

For more information about TRB and the review process, click [here](https://www.reddit.com/user/kelthfire/comments/incear/thrice_reviewed_blind_trb_an_antidote_to_placebo/).

Full list of bottles/reviews: [here](https://www.reddit.com/user/kelthfire/comments/incgnw/thrice_reviewed_blind_trb_season_1_review_list/)

**tl;dr:** 117 bottles, reviewed continuously blind, three times each, over the course of 5 months

***
## General Information

**ABV:** 46%

**Region/Style:** American Single Malt

**Age:** 3 years

**Distiller:** Westland (owned by R√©my Cointreau)

**Reference Price:** ~$75

***

## Blind Review

**Color:** Yellow Gold ([0.5](http://malt-review.com/wp-content/uploads/2015/09/Colour-bar-Big.jpg))

**Nose Score:** 5/10

**Nose Commentary:** Malt, old wood, musty basement, a little cardboard, a little pine, black pepper, floral, musky old wood, strawberry, sweat, yeast, clean peat, green house, greasy, geraniums, fresh mulch, slight malt, green tomatoes.

**Palate Score:** 5/10

**Palate Commentary:** Sweaty, yeasty, strawberry, clean peat, malt prominent, cereal, a little funk.

**Finish Score:** 5/10

**Finish Commentary:** malty finish, less peat, imagining a fruit, but slightly more grassy, medium finish, cereal, old wood, a little musky, a little cardboard, a little vanilla warmth, a little orange peel on the finish.

**Overall Score:** 5/10

**Bottle Guess:** Benriach LE 2005 12 Year Peated Port Pipe Cask

**Guess Confidence:** Correct Type (Scotch High Peat Single Malt)

## Blind Review Raw Data

| Round | Color | Nose | Palate | Finish | Overall |
|-------|-------|------|--------|--------|---------|
| 1     | 0.3   | 5    | 4      | 5      | 5       |
| 2     | 0.6   | 6    | 6      | 6      | 6       |
| 3     | 0.5   | 5    | 5      | 5      | 5       |
| Final | 0.5   | 5    | 5      | 5      | 5       |

[Season 1 Review Distribution](https://www.reddit.com/r/bourbon/comments/ims889/trb_season_1_analysis_1_review_distributions/)  [Season 1 Round 1-3 Comparison](https://www.reddit.com/r/Scotch/comments/inc6pq/trb_season_1_analysis_2_round_13_comparison/)

## Guess Assessment

**Previously Tasted Bottle?:** Yes, I own the bottle

**Bottle Guess:** Incorrect

**Guess Confidence:** Incorrect

**Guessed Bottle Score:** [Benriach LE 2005 12 Year Peated Port Pipe Cask (Overall Score: 7/10)](https://www.reddit.com/r/Scotch/comments/k00l0l/blind_review_19_benriach_le_2005_12_year_peated/)

**Bottle I Thought Was This Bottle:** [Bowmore 12 Year (Overall Score: 5/10)](https://www.reddit.com/r/Scotch/comments/kmlprx/blind_review_28_bowmore_12_year_trb_s1e74/)

***
## Post Reveal Thoughts

I visited the Westland distillery with /u/random_guy7531 a little while back.  Really cool looking tasting room, but they committed the cardinal sin of putting your tasting room in the same building/area as the brewing vats and stills.  It smelled so incredibly strongly of malt that you could not really nose the whisky.  Still a fun tasting, but they need to at least get some better ventilation there.

I will give Westland credit, for only producing 3 year old malt, this is pretty decent.  However, with the amount they charge for it, it had better be.  Now that they are owned by Remy, I'm hoping they have a more stable cash flow to purse older releases.

***
## Scoring

I'm using [t8ke's scale](https://t8ke.review/).  Copied here for reference:

|       |            |                              |
|-------|------------|------------------------------|
| 1     | Disgusting | So bad I poured it out       |
| 2     | Poor       | I wouldn‚Äôt consume by choice |
| 3     | Bad        | Multiple flaws               |
| 4     | Sub-par    | Not bad, but better exists   |
| 5     | Good       | Good, just fine              |
| 6     | Very Good  | A cut above                  |
| 7     | Great      | Well above average           |
| 8     | Excellent  | Really quite exceptional     |
| 9     | Incredible | An all time favorite         |
| 10    | Perfect    | Perfect                      |",4.0,0.0,bourbon,4640572,,
reddit_comments,BBG000PNTXP0,1609543373,kelthfire,"
# Elijah Craig Small Batch 94 Proof


## Thrice Reviewed Blind: Season 1 Episode 82

For more information about TRB and the review process, click [here](https://www.reddit.com/user/kelthfire/comments/incear/thrice_reviewed_blind_trb_an_antidote_to_placebo/).

Full list of bottles/reviews: [here](https://www.reddit.com/user/kelthfire/comments/incgnw/thrice_reviewed_blind_trb_season_1_review_list/)

**tl;dr:** 117 bottles, reviewed continuously blind, three times each, over the course of 5 months

***
## General Information

**ABV:** 47%

**Region/Style:** Bourbon

**Age:** NAS

**Distiller:** Heaven Hill

**Reference Price:** ~$30

***

## Blind Review

**Color:** Russet / Muscat ([1.3](http://malt-review.com/wp-content/uploads/2015/09/Colour-bar-Big.jpg))

**Nose Score:** 6/10

**Nose Commentary:** Earthy oak, funky oak, cherry, Oak with a background of wine.

**Palate Score:** 5/10

**Palate Commentary:** Very thin bourbon, oak and wine flavors.  Red wine, not a sherry.  Red fresh fruits.  Cherries, blackberries, chocolate.

**Finish Score:** 5/10

**Finish Commentary:** Vanilla, oak, and mild wine on the finish, still a little thin, chocolate, cherries, cherry.

**Overall Score:** 5/10

**Bottle Guess:** Jefferson's Reserve Groth Reserve Cask Finish


**Guess Confidence:** Correct Bottle

## Blind Review Raw Data

| Round | Color | Nose | Palate | Finish | Overall |
|-------|-------|------|--------|--------|---------|
| 1     | 1.1   | 5    | 6      | 6      | 6       |
| 2     | 1.3   | 6    | 5      | 5      | 5       |
| 3     | 1.4   | 6    | 4      | 4      | 4       |
| Final | 1.3   | 6    | 5      | 5      | 5       |

[Season 1 Review Distribution](https://www.reddit.com/r/bourbon/comments/ims889/trb_season_1_analysis_1_review_distributions/)  [Season 1 Round 1-3 Comparison](https://www.reddit.com/r/Scotch/comments/inc6pq/trb_season_1_analysis_2_round_13_comparison/)

## Guess Assessment

**Previously Tasted Bottle?:** Yes, I own the bottle

**Bottle Guess:** 

**Guess Confidence:** 

**Guessed Bottle Score:** [Jefferson's Reserve Groth Reserve Cask Finish (Overall Score: 6/10)](https://www.reddit.com/r/bourbon/comments/ipzpib/blind_review_3_jeffersons_reserve_groth_reserve/)

**Bottle I Thought Was This Bottle:** [Four Roses Single Barrel OESK (TW&amp;M Pick) (Overall Score: 6/10)](https://www.reddit.com/r/bourbon/comments/ji4yr5/blind_review_12_four_roses_single_barrel_oesk_twm/)

***
## Post Reveal Thoughts

I was pretty surprised at how berry forward this one ended up tasting.  In my review notes, I was almost certain this was a wine or port finished one.  At the end of the day, a pretty solid dram for $30.


***
## Scoring

I'm using [t8ke's scale](https://t8ke.review/).  Copied here for reference:

|       |            |                              |
|-------|------------|------------------------------|
| 1     | Disgusting | So bad I poured it out       |
| 2     | Poor       | I wouldn‚Äôt consume by choice |
| 3     | Bad        | Multiple flaws               |
| 4     | Sub-par    | Not bad, but better exists   |
| 5     | Good       | Good, just fine              |
| 6     | Very Good  | A cut above                  |
| 7     | Great      | Well above average           |
| 8     | Excellent  | Really quite exceptional     |
| 9     | Incredible | An all time favorite         |
| 10    | Perfect    | Perfect                      |",4.0,0.0,bourbon,4640572,,
reddit_comments,BBG000PNTXP0,1609521928,Arethosemyfeet84,"(cont)

    
    52:206 00:061 OCJS: Matched device path
    52:223 00:017 OCJS: Matched device path
    52:269 00:046 OCBP: BlessedFileHEX (1/4 256) - 01 04 18 00 CC 32 79 95 8E 7E 3B 43 8F 41 D3 91 EA 3C 10 F8 00 00 00 00 01 03 18 00 0A 00 00 00 00 00 00 00 01 00 00 00 00 10 00 00 01 00 00 00 04 04 36 00 44 00 4D 00 47 00 5F 00 30 00 30 00
    52:285 00:015 OCBP: BlessedFileHEX (2/4 256) - 30 00 30 00 30 00 30 00 30 00 30 00 31 00 43 00 46 00 42 00 31 00 44 00 37 00 36 00 2E 00 64 00 6D 00 67 00 00 00 03 0A 1C 00 E8 07 4B 00 9C 0B 7E 42 B0 D4 A4 66 E6 E5 7A 62 76 1D FB 1C 00 00
    52:304 00:018 OCBP: BlessedFileHEX (3/4 256) - 00 00 04 01 2A 00 01 00 00 00 28 00 00 00 00 00 00 00 80 FF 3B 00 00 00 00 00 5F FF 36 9F E8 86 2A 47 A1 3F AE 9D BF B0 37 32 02 02 04 04 50 00 5C 00 53 00 79 00 73 00 74 00 65 00 6D 00 5C 00
    52:321 00:017 OCBP: BlessedFileHEX (4/4 256) - 4C 00 69 00 62 00 72 00 61 00 72 00 79 00 5C 00 43 00 6F 00 72 00 65 00 53 00 65 00 72 00 76 00 69 00 63 00 65 00 73 00 5C 00 62 00 6F 00 6F 00 74 00 2E 00 65 00 66 00 69 00 00 00 7F FF 04 00
    52:339 00:017 OCBP: BlessedFileDP - VenHw(957932CC-7E8E-433B-8F41-D391EA3C10F8,00000000)/MemoryMapped(0xA,0x100000000,0x100001000)/DMG_000000001CFB1D76.dmg/VenMsg(004B07E8-0B9C-427E-B0D4-A466E6E57A62,761DFB1C00000000)/HD(1,GPT,9F36FF5F-86E8-472A-A13F-AE9DBFB03732,0x28,0x3BFF80)/\\System\\Library\\CoreServices\\boot.efi
    52:355 00:015 OCBP: Blessed file is valid
    52:373 00:017 OCSB: Disabling secure boot for Apple images
    52:391 00:018 OCB: Perform boot EFI to dp VenHw(957932CC-7E8E-433B-8F41-D391EA3C10F8,00000000)/MemoryMapped(0xA,0x100000000,0x100001000)/DMG_000000001CFB1D76.dmg/VenMsg(004B07E8-0B9C-427E-B0D4-A466E6E57A62,761DFB1C00000000)/HD(1,GPT,9F36FF5F-86E8-472A-A13F-AE9DBFB03732,0x28,0x3BFF80)/\\System\\Library\\CoreServices\\boot.efi (0/0)
    52:432 00:041 OCSB: Direct booting for DMG image
    52:448 00:016 OCB: Arch filtering BF47C018(576056)-&gt;BF47C018(576056) caps 4 - Success
    52:466 00:017 OCB: Matching &lt;&gt; args on type 4 0
    52:482 00:016 OCABC: VMware Mac installed on C1E94F18 - Success
    52:501 00:019 OCABC: Found safe mode legacy p1 at off 6E88
    52:517 00:016 OCABC: Trying safe mode next legacy match
    52:535 00:017 OCABC: Found safe mode legacy p1 at off 7009
    52:552 00:017 OCABC: Trying safe mode next legacy match
    52:575 00:022 OCABC: Patching safe mode new at off 16848
    52:596 00:020 OCABC: All slides are usable! You can disable ProvideCustomSlide!
    52:613 00:016 OCOS: OS set: &lt;null&gt; Mac OS X 10.12
    52:630 00:017 OCOS: OS set: Apple Inc. Mac OS X 10.12
    54:911 02:280 OC: Kext reservation size info 598000 exe 1C26000
    54:928 00:016 OC: Trying 64-bit XNU hook on System\\Library\\PrelinkedKernels\\prelinkedkernel
    58:115 03:187 OC: Result of 64-bit XNU hook on System\\Library\\PrelinkedKernels\\prelinkedkernel (EF1C49EB) is Success
    58:139 00:024 OCAK: Read kernel version 17.7.0 (170700)
    58:161 00:021 OCAK: Replacing _xcpm_core_scope_msrs data 226 76
    58:177 00:016 OCAK: Replacing _xcpm_core_scope_msrs data 226 13200
    58:195 00:017 OCAK: Replacing _xcpm_core_scope_msrs data 226 16384
    58:211 00:015 OCAK: Not matching _xcpm_core_scope_msrs data 46 29660
    58:230 00:018 OCAK: 64-bit XcpmCfgLockRel replace count - 2
    58:263 00:032 OCAK: 64-bit PanicKextDump replace count - 1
    58:280 00:017 OCAK: Patch success kext dump
    58:297 00:017 OCAK: Skipping power state patch on 170700
    58:315 00:017 OCAK: Skipping SegmentJettison on 170700
    58:371 00:056 OCAK: Reducing 64-bit prelink size from 4512000 to 4283000 via plist
    58:408 00:036 OC: Prelinked injection Lilu.kext () - Success
    58:439 00:030 OC: Prelinked injection VirtualSMC.kext () - Success
    58:481 00:042 OC: Prelinked injection AppleALC.kext () - Success
    58:521 00:039 OC: Prelinked injection IntelBluetoothFirmware.kext () - Success
    58:563 00:041 OC: Prelinked injection IntelMausi.kext () - Success
    58:592 00:029 OC: Prelinked injection IntelSnowMausi.kext () - Success
    58:627 00:035 OC: Prelinked injection SMCBatteryManager.kext () - Success
    58:653 00:025 OC: Prelinked injection SMCDellSensors.kext () - Success
    58:680 00:027 OC: Prelinked injection SMCProcessor.kext () - Success
    58:707 00:027 OC: Prelinked injection SMCSuperIO.kext () - Success
    58:738 00:030 OC: Prelinked injection USBInjectAll.kext () - Success
    58:769 00:031 OC: Prelinked injection VoodooPS2Controller.kext () - Success
    58:838 00:069 OC: Prelinked injection VoodooPS2Controller.kext\\Contents\\PlugIns\\VoodooInput.kext () - Success
    58:870 00:031 OC: Prelinked injection VoodooPS2Controller.kext\\Contents\\PlugIns\\VoodooPS2Keyboard.kext () - Success
    58:899 00:028 OC: Prelinked injection VoodooPS2Controller.kext\\Contents\\PlugIns\\VoodooPS2Mouse.kext () - Success
    58:932 00:033 OC: Prelinked injection VoodooPS2Controller.kext\\Contents\\PlugIns\\VoodooPS2Trackpad.kext () - Success
    58:962 00:029 OC: Prelinked injection WhateverGreen.kext () - Success
    59:019 00:057 OC: Prelinked injection itlwm.kext () - Success
    59:036 00:016 OC: Prelink size 99258368 kext offset 69742592 reserved 29515776
    59:080 00:044 OCAK: Skipping port patch IOUSBHostFamily on 170700
    59:103 00:022 OCAK: 64-bit RemoveUsbLimitV2 replace count - 1
    59:120 00:017 OCAK: Patch success com.apple.driver.usb.AppleUSBXHCI
    59:141 00:020 OCAK: 64-bit RemoveUsbLimitV1 base lookup failure Not Found
    59:157 00:016 OCAK: Failed to apply legacy port patch AppleUSBXHCIPCI - Not Found
    59:174 00:016 OCAK: Assuming success for legacy port AppleUSBXHCIPCI on 170700
    59:191 00:017 OCAK: 64-bit AppleIoMapper replace count - 1
    59:207 00:016 OCAK: Patch success com.apple.iokit.IOPCIFamily AppleIoMapper
    59:234 00:027 OCAK: 64-bit CustomSmbiosGuid replace count - 1
    59:251 00:016 OCAK: SMBIOS Patch success
    59:268 00:017 OCAK: 64-bit CustomSmbiosGuid replace count - 1
    59:286 00:017 OCAK: SMBIOS Patch success
    59:308 00:022 OC: Prelinked status - Success
    60:213 00:904 OCSMC: SmcReadValue Key 4D535463 Size 1
    60:237 00:024 OCSMC: SmcReadValue Key 4D534163 Size 2

I've also attached a photo of the screen output. My working hypothesis right now is something to do with whatevergreen, possibly related to the Nvidia GPU. If anyone can point me in the direction of potential suspects for this problem I'd really appreciate it.",1.0,0.0,hackintosh,4611695,,
reddit_comments,BBG013DRDYC6,1609524871,OrcishMonk,"   
  I have a YouTube dharma playlist with over a 100 videos here:   
  [https://youtube.com/playlist?list=PLXAO3yQ09SRtGOAAdC89Xt7lDNzXYgAJQ](https://youtube.com/playlist?list=PLXAO3yQ09SRtGOAAdC89Xt7lDNzXYgAJQ)   
    
    
  Some of my favorite books myself and ones I recommend are:     
    
  *Joy of Living* by Mingyur Rinpoche. These type of books on how to live a happier life are good even if you're not so keen on Buddhism.    

  
  *Buddhism for Dummies* by Jonathan Landaw. I don't like the title much, am I a dummy? Maybe in some things and not others. Still, a book like this is excellent because it provides an overview of nearly everything in Buddhism. An excellent foundation.     
    
   *Introducing Buddha: A Graphic Guide* by Jane Hope &amp; Borin Van Loon. I like the Graphic Guide series quite a bit as they‚Äôre fun to read and provide a great start and overview. Buddhists are often comparatively quite uninformed of the Buddha‚Äôs life and teachings compared to other religions (such as Christianity). If you read *Buddhism for Dummies, Introducing Buddha: A Graphic Guide,* and *What the Buddha Taught* this won‚Äôt be you.     
    
  *What the Buddha Taught* by Walpola Rahula. A classic and good expose of the doctrine the Buddha taught.     
    
  *Why Buddhism is True* by Robert Wright  *Why Buddhism is True* by Robert Wright pairs up quite nicely with *What the Buddha Taught,* as *Why Buddhism is True* eschews entirely the doctrinaire aspect of Buddhism in favor of Buddhism‚Äôs science of the mind. The pair of    books make a nice combo.       
    
  and for Meditation, *Don't Look Down on the Defilements, They'll Laugh At You* by U Tejaniya. You can download his books for free from his website, [https://ashintejaniya.org/](https://ashintejaniya.org/)   
    
  Jack Kornfield's *The Buddha is Still Teaching* has many short excerpts from various books and masters. It makes a nice book to pick up and read for short snippets. It's also good in that you can find other authors and writers you might enjoy reading.     
    
  Kornfield's *Path With a Heart* is a favorite and wonderfully kind book I've read a couple times.     
    
   A very readable book reportedly written by the Buddha is *The Dhammapada.* It's full of wise sayings you've probably seen on Internet memes. I recommend the Gil Fronsdal translation version of *The Dhammapada*.    
   If you like *The Dhammapada,* continue down the early Buddhism path with Gil Fronsdal book, *The Buddha Before Buddhism: Wisdom from the Early Teachings.*     
     
   Some top online options I want to draw your attention to are below.     Coursera. I recommend Robert Wright's *Modern Psychology and Buddhism* course. Free.    [https://www.coursera.org/learn/science-of-meditation](https://www.coursera.org/learn/science-of-meditation)   


Tibet House, Delhi. Under Geshe Dorje Damdul. I've known several people who've taken this program and they rave about it. There's a cost, but it's Indian pricing so it's very reasonable.    [https://tibethouse.in](https://tibet/)   


(Not Buddhism, but still good). Modernstoicism.com. Home of Stoicism week and Free Courses [https://learn.modernstoicism.com/](https://learn.modernstoicism.com/)   


  If you can afford it, subscribe to the *Waking Up* app (currently $99 a year). If you can't afford it, they seem very nice and easy regarding free accounts. Email them. The app is impressive and has a lot of excellent content.     
    
    
    
  I have a Guide to Dharma Books &amp; Practice here. It has many links and resources:   [https://docs.google.com/document/d/1hlk6x2XJy8ZQfdYYTibCx2ADRtZDLPqJifQrggic47k/edit?usp=sharing](https://docs.google.com/document/d/1hlk6x2XJy8ZQfdYYTibCx2ADRtZDLPqJifQrggic47k/edit?usp=sharing)",2.0,0.0,Buddhism,4595163,,
reddit_comments,BBG00SHY90J5,1609461668,hoodedcactus,"Yikes, think CLOV can pay the child support?",2.0,0.0,smallstreetbets,137238008,,
reddit_comments,BBG00BV2Y9B7,1609461168,falconcuk,Bƒ∞Zƒ∞MDƒ∞R CCCC,0.0,0.0,KGBTR,65187248,,
reddit_comments,BBG00BV2Y9B7,1609482261,Itsalmostover71,"Ffffff uuuu cccc kkkk, yeah! Love the hair!!!",2.0,0.0,trans,4688039,,
reddit_comments,BBG00BV2Y9B7,1609469236,Kleingrosse,Sauce: [CCCC4 on Twitter](https://twitter.com/C_C_C_C_4/status/1343920147937914881?s=20),2.0,0.0,oversizedbreasts,168334473,,
reddit_comments,BBG00BV2Y9B7,1609519530,ritchie70,"My theory is that these companies start with a list of exchanges (the aaa-bbb in aaa-bbb-cccc) and just call all 9999 possible numbers. 

It was called war dialing when hackers did it looking for modems, don‚Äôt know if there‚Äôs another name for it with telemarketing.",2.0,0.0,technews,4595779,,
reddit_comments,BBG00BV2Y9B7,1609468801,sawyouoverthere,"&gt;\\&gt;Adrien\\_Jabroni wrote: I‚Äôm no scientist. But Ice? No absolutely not.  Not cold enough. 

you are correct, you are no scientist.  This is the Moderna vaccine, and it can be stored in a regular fridge.

[https://investors.modernatx.com/news-releases/news-release-details/moderna-announces-longer-shelf-life-its-covid-19-vaccine](https://investors.modernatx.com/news-releases/news-release-details/moderna-announces-longer-shelf-life-its-covid-19-vaccine)

&gt;[Moderna, Inc.](https://cts.businesswire.com/ct/CT?id=smartlink&amp;url=http%3A%2F%2Fwww.modernatx.com%2F&amp;esheet=52328444&amp;newsitemid=20201116005606&amp;lan=en-US&amp;anchor=Moderna%2C+Inc.&amp;index=1&amp;md5=f2f2e947b689aadfd3319d523016f8d6)  (Nasdaq: MRNA), a biotechnology company pioneering messenger RNA (mRNA)  therapeutics and vaccines to create a new generation of transformative  medicines for patients, today announced new data showing that mRNA-1273,  its COVID-19 vaccine candidate, **remains stable at 2¬∞ to 8¬∞C (36¬∞ to  46¬∞F), the temperature of a standard home or medical refrigerator, for  30 days**. Stability testing supports this extension from an earlier  estimate of 7 days. mRNA-1273 remains stable at -20¬∞ C (-4¬∞F) for up to  six months, at refrigerated conditions for up to 30 days and at room  temperature for up to 12 hours.

Even the Pfizer can be held at fridge temp for short periods of time:

[https://www.pfizer.com/news/hot-topics/covid\\_19\\_vaccine\\_u\\_s\\_distribution\\_fact\\_sheet](https://www.pfizer.com/news/hot-topics/covid_19_vaccine_u_s_distribution_fact_sheet)

&gt;After storage for up to 30 days in the Pfizer thermal shipper,  vaccination centers can transfer the vials to **2-8¬∞C storage conditions  for an additional five days**, for a total of up to 35 days.",0.0,0.0,mildlyinteresting,4735745,,
reddit_comments,BBG00BV2Y9B7,1609538354,HopeIsBeautiful,"Thank you, Izuru.

‚Äã*Nagito seems somewhat back to normal. Still a bit sad in his voice, but better. Nagito eventually breaks the hug. Then smiles.*

[You](https://preview.redd.it/owmwqy42zew51.png?width=604&amp;format=png&amp;auto=webp&amp;s=ebe03fd3498c903270eb5beeb0cccc2d1632b59e) really are a great friend.",1.0,0.0,RPDanganronpaChat,136879639,,
reddit_comments,BBG000RMB3R3,1609516884,Onikenbai,"FYI, Maxxam has been renamed Bureau Veritas. If you want to test your water and use it for the base of legal proceedings I would recommend getting an environmental consulting company like Pinchin to do it for you. Yes it will be more expensive but it will be done probably and will hold up in court.

There is more to the [drinking water standards ](https://www.ontario.ca/laws/regulation/030169) than bacteria. They should be running the chemicals too if there is something weird they can‚Äôt identify.",1.0,0.0,askTO,4924525,,
reddit_comments,BBG000GPVW01,1609476685,Acceptable_Tale_8312,And then moving into blue hour as if they didn't kill us with CYSM and Pumaüòë,12.0,0.0,kpopthoughts,132830807,,
reddit_comments,BBG000GPVW01,1609460977,junefrom213,"price check on CYSM models:   


keyby - og  
keyby - green/yellow/blue   
keyby - classic blue  
keyby - monochrome set  
keyby - no sleep  
keyby - algae bloom  
keyby - islander  
keyby - no face  
keyby - cold hearted b\\*tch

   
RAMA x GMK Minimal ""X""  - Gold  
RAMA x GMK Minimal ""X"" - Kuro (black)  
RAMA x GMK Vaporwave ""X""   
RAMA x GMK Olivia X",1.0,0.0,mechmarket,4827148,,
reddit_comments,BBG000GPVW01,1609465542,tafattsbarn,"You're absolutely right, it just slipped my mind since it was so long ago as well as a japanese song (i'm a moa too and i generally keep up with their charting so this is embarrassing lmao). I'll edit my comment! 

Edit: Looking it up it seems TXT actually charted with  Run Away japanese version + everlasting shine + CYSM? japanese version + DRAMA. As always very impressive!",9.0,0.0,kpopthoughts,132830807,,
reddit_comments,BBG000GPVW01,1609459683,tafattsbarn,"Even more impressive in my opinion; their song Given - Taken charted for two weeks at the recochoku chart, first at #74 then at #124 ('let me in' a b-side also charted at #114). They're the only 4th gen boy group to chart on the daily singles chart (others have only charted in the kpop section).

Edit: TXT (and maybe others) also charted with Run Away japanese version + everlasting shine + CYSM? japanese version + DRAMA when it came out.

I should've just said the only 2020 rookie v-v",26.0,0.0,kpopthoughts,132830807,,
reddit_comments,BBG000GPVW01,1609480022,tiredpandax3,"I also think that Soobin grew a lot after becoming an MC! He used to get shy and flustered easily, especially when asked to do aegyo or show off his charms (which I found endearing). But nowadays he have no problem doing so and is visibly much more confident! Which is very refreshing to see. I also love how Soobin, despite being an idol, feels just like an ordinary person trying to do his best in life. He is so natural and just lovable, he is the idol whom I finds most relatable. And it's so interesting and comforting to watch him talk :). He may not be a very interesting person or wild person, but he radiates this charm that makes him so comfortable and easy to look at, he is really our home \\^\\^ Ïà©

My bias is Taehyun and Beomgyu, while there is a lot to talk about Taehyun I also agree that Beomgyu is kind of mysterious hahah. But I get that he's a very sentimental person and I feel like ever since CYSM ended, he have changed a lot in a way that he's much more reserved and quiet nowadays. He's also visibly sadder :/ probably due to homesickness (his latest diary really made me almost cry hahah). I hope all of TXT can encourage each other and help each other to grow happily TT.",4.0,0.0,kpopthoughts,132830807,,
reddit_comments,BBG000CGNS76,1609528027,TheFleetStudio,"Wellwellwell, I was waiting for this!  &gt;!And I'm also waiting for someone to ask about when the non(official) r/FuseMains Discord server's gonna open.!&lt;  
 ***Passive ability.***   
Idk. But I'm a fan of thermite grenades, and I'd be  glad if Fuse had an ability to carry two grenades in each slot.  Not  the most interesting and strong passive, but enough for me.   
***Tactical ability.***  
[I will invite](https://sun9-41.userapi.com/impg/XllR7IEgc9CODSOEcDr5oXmAQfpdjCGyvMbIaw/IxxQri6rvFM.jpg?size=520x693&amp;quality=96&amp;proxy=1&amp;sign=35e414725052420e792fb46497ff88ff&amp;type=album) to the Apex games whoever guesses Fuse's tactical ability lel. Bcz I have absolutely no ideas.   
Ultimate ability.  
Oh, I know! Do u know how [Jinx's ult](https://youtu.be/TfjanBFo-yI?t=31) works? Something like this, I bet.  And it will be kinda cool if the blast wave destroys doors, damages pylons and activates Nox's traps.",3.0,0.0,FuseMains,192569172,,
reddit_comments,BBG0110RF7C1,1609529657,SparkyMcDanger,https://youtu.be/wARqq5-KKKI,5.0,0.0,woahdude,4630386,,
reddit_comments,BBG00B0TTRW5,1609511223,dave_hardisty,DECN and BBRW,1.0,0.0,pennystocks,4606874,,
reddit_comments,BBG00790VLR4,1609505506,Royale_DORA,Can I buy Clow car and hoverboard,1.0,0.0,crosstradingrblx,186801263,,
reddit_comments,BBG00790VLR4,1609470112,MusicMirrorMan,"*If you'd like to receive a weekly recap of r/shoegaze with the top posts and their mirrors, send me a message [with the subject 'shoegaze'](https://www.reddit.com/message/compose?to=MusicMirrorMan&amp;subject=shoegaze&amp;message=For%20a%20daily%20recap%2C%20make%20the%20subject%20%27shoegaze%20daily%27) (or send me a chat with the text: shoegaze)*

Beep Boop... I am a bot. I tried finding this song on other streaming platforms. Here is what I found 

\\[Apple Music]: [Gates - Low](https://music.apple.com/us/album/low/986453230 ""Confidence: 100%"")

\\[Soundcloud]: [Gates ""Low"" uploaded by Pure Noise Records](https://soundcloud.com/purenoiserecs/gates-low ""Confidence: 100%"")

\\[Spotify]: [Gates - Low](https://open.spotify.com/track/2Ydsp7oUtm3jPyx2U99uaJ ""Confidence: 100%"")

\\[YouTube Music]: [Gates - ‚ÄúLow‚Äù](https://music.youtube.com/watch?v=ll2YsY0J8pE&amp;list=RDAMVMll2YsY0J8pE ""Confidence: 100%"")

**[Links to search result pages]:** [Amazon](https://music.amazon.com/search/Gates+%E2%80%9CLow%E2%80%9D) || [Apple Music](https://music.apple.com/us/search?term=Gates+%E2%80%9CLow%E2%80%9D) || [Bandcamp](https://bandcamp.com/search?q=Gates+%E2%80%9CLow%E2%80%9D) || [Deezer](https://deezer.com/search/Gates%20‚ÄúLow‚Äù/track) || [Soundcloud](https://soundcloud.com/search/sounds?q=Gates+%E2%80%9CLow%E2%80%9D) || [Spotify](https://open.spotify.com/search/Gates%20‚ÄúLow‚Äù) || [Tidal](https://listen.tidal.com/search?q=Gates+%E2%80%9CLow%E2%80%9D) || [YouTube Music](https://music.youtube.com/search?q=Gates+%E2%80%9CLow%E2%80%9D)

*Let me know the names of any other subreddits in which you want me to look for mirrors.*",1.0,0.0,shoegaze,4594965,,
reddit_comments,BBG00790VLR4,1609471095,man-o-beard,"Wow, you are not a clow but the entire circus. The 'historians' you are quoting are people of bangladesh and India. They obviously don't have any alterior motive now do they they r obviously saints who will report the truth withough distorting facts to suit their narrative I mean it's not like hussinas govt is an authoritarian one and India's has spread false propoganda against Pakistan for decades going so far as to creating fake media cells and ressurecting the dead while also plagiarising material to spread their false narrative which was busted by the BBC and the EU disinfo lab. 

You truly are a fool. So by stating that most insurgents are coming from Pakistan traversing a fully fenced border with about 10 meters of no man's land between both being 40 meter high barbed wire  fences you have proven that either the Indian army is either incompetent or you are a liar. Now both have a very high chance of being true but the most likely one is the latter. You just showed Ur hypocrisy, MATLAB u say the mukhti bhainin were freedom fighters so by Ur logic the Kashmiris who have the same narrative and r doing the samething minuse the rapes and murders of civilians should also be freedom fighters but no, why coz India claim that it is 'their' land. You also probably believe the Indian army did surgical strikes in Pakistan as well in 2016 with Ur levels of naivatie don't you, with their source being, trust me bro. That is sad mate.

Btw read the book mentioned in the articles I am sending a link of it is by an Oxford academic who is a bangali. It is the most reliable source their is where her views r based on facts and not propoganda. It show what actually happened.

https://www.aljazeera.com/opinions/2011/5/9/myth-busting-the-bangladesh-war-of-1971

http://www.bbc.co.uk/news/mobile/world-south-asia-13417170",1.0,0.0,worldnews,4594359,,
reddit_submissions,BBG00790VLR4,1609530056,JakeZero69,Syaoran when he and Sakura we‚Äôre looking for all the clow cards:,,,CLAMP,t5_318uw,6.0,1404.0
reddit_comments,BBG000BBHXQ3,1609471853,pinkycatcher,AJG and Dalton to the Patriots. Please.,2.0,0.0,nfl,4601379,,
reddit_comments,BBG000BBHXQ3,1609477282,dontlookatmynam,Berlin hat zum Gl√ºck genug Schreckschusspistolen. Und damit meine ich jede AJG (Assi-Jugendlichen-Gruppe),2.0,0.0,ich_iel,5391441,,
reddit_comments,BBG000BBHXQ3,1609518861,sonnyShredz,"No mention from OP on diet or anything, it must be estrogen! 


https://journals.lww.com/ajg/fulltext/2019/07000/effects_of_the_dash_diet_and_sodium_intake_on.21.aspx",3.0,0.0,steroids,4642834,,
reddit_comments,BBG000BBHXQ3,1609544181,ConstrictorLiquor,"I just use an Excel spreadsheet.  I know spreadsheets are old school, and you asked for an app, but come on, we're shooting old school cameras! :)

In all seriousness, the best thing I've found is to get those small circular colored stickers that people often use to put prices on things at garage sales.  I use those and just write what film is in the camera and attach it to the bottom plate of the camera.  They're sticky enough to not fall off, but wont damage the camera leaving any residue behind.

Here is an example:

[https://www.amazon.com/Avery-Removable-Coding-Labels-Printers/dp/B001HQ6AJG/](https://www.amazon.com/Avery-Removable-Coding-Labels-Printers/dp/B001HQ6AJG/)",1.0,0.0,AnalogCommunity,5974108,,
reddit_comments,BBG000BBHXQ3,1609468121,RepostSleuthBot,"Looks like a repost. I've seen this image 2 times. 

First seen [Here](https://redd.it/8w6xbb) on 2018-07-05 95.31% match. Last seen [Here](https://redd.it/iddab1) on 2020-08-20 89.06% match 

**Searched Images:** 185,770,877 | **Indexed Posts:** 693,253,038 | **Search Time:** 0.79642s 

*Feedback? Hate? Visit r/repostsleuthbot - I'm not perfect, but you can help. Report [ [False Positive](https://www.reddit.com/message/compose/?to=RepostSleuthBot&amp;subject=False%20Positive&amp;message={""post_id"": ""ko3ajg"", ""meme_template"": null}) ]* 

[View Search On repostsleuth.com](https://www.repostsleuth.com?postId=ko3ajg&amp;sameSub=false&amp;filterOnlyOlder=true&amp;memeFilter=true&amp;filterDeadMatches=true&amp;targetImageMatch=86&amp;targetImageMemeMatch=96)",1.0,0.0,u_Harkaloc,146987312,,
reddit_comments,BBG000BBHXQ3,1609493176,rat_ratterson,"I really like It's Tony's animations https://youtu.be/TXH4fSYUXIo
There's Jellowtea https://youtu.be/sq67IUQ58hA
There's Jagaimo https://youtu.be/-M5RRNS8NoY
There's Cherri Berri Eri https://youtu.be/oNdv6MNHhPY
And Qwerty made a cool SMP animation, though they probably won't make any more in the future https://youtu.be/bbPUzSFTeC0
Really like Scorpia, they also made an original song with one of their animations as well https://youtu.be/5Cx6KnfOM-U
And Owlmaddie https://youtu.be/ajgPlZ7ve8s",5.0,0.0,dreamsmp,172765689,,
reddit_comments,BBG000BBHXQ3,1609527126,gopokes86,"Not to be a Debbie Downer but Top 12 WR + 1st for 1.02 will be difficult to acquire. Unless, of course, your league has that 1 guy who thinks 2021 has a generational guy predicted to go early like Luck/Saquon/AJG. I do agree it would take more than Gallup + 1.08, though. 

I think a realistic shot is a low end WR1 + 2nd, or WR2 (Cooper, Evans, JuJu, etc.) + late 1st. Mainly because everyone wants multiple 1sts for their established WR1‚Äôs &amp; they‚Äôd be risking giving up that player for a young stud who may never return a Top 24.",4.0,0.0,DynastyFF,4788508,,
reddit_comments,BBG000BBHXQ3,1609527973,SpotifyInfoBot,"Playlist name: [Top 50 - Metal](https://open.spotify.com/user/marcy__90/playlist/1a7eHJMOjwoFIZXs4zsgkG?si=Re10s-iJTYCmXM0O8m-PdA)

Playlist author: [marcy__90](https://open.spotify.com/user/marcy__90)

Number of tracks: 29

Length: 1 hr 52 min

Followers: 1

Top tracks:

* [I Prevail - Scars](https://open.spotify.com/track/6WaYiQUPel70HUaCZj5eND)
* [A Day To Remember - Resentment](https://open.spotify.com/track/57yI1u6t6cFXbjgjQcRHug)
* [As I Lay Dying - My Own Grave](https://open.spotify.com/track/0CcqWuAEJC93K8cBMbAjgI)
* [As I Lay Dying - Blinded](https://open.spotify.com/track/2HdjEa5BP2VACt1velDTIk)
* [Fire From The Gods - Right Now](https://open.spotify.com/track/4MNnfcIuCrmCymkLSXtXCl)",1.0,0.0,SpotifyPlaylists,4712131,,
reddit_submissions,BBG000BBHXQ3,1609535853,TheAJGShow,Sex &amp; Video Games - AJG,,,VideoGameAnalysis,t5_38ieu,1.0,8892.0
reddit_submissions,BBG000BBHXQ3,1609535843,[deleted],Sex &amp; Video Games - AJG,,,Feminism,t5_2qr7i,0.0,215684.0
reddit_comments,BBG00Z2Y3GT5,1609543965,WellEndowedGiraffe,Bhai tum toh chaa gaye,1.0,0.0,3Dprinting,4645070,,
reddit_comments,BBG000NV5PV0,1609538091,timskytootoot,"Chavs came out around 2011 when Austerity was in full swing. Pretty sure the widespread usage spread via Facebook so no earlier than 2008. My right wing friends seemed to have isolated a group to make crude generalisations of but they weren't using the chav word. This was around the time of Lady Sovereign, scallies in Burberry and also a middleclass obsession with UK 'trash culture'. That kicked up as well- WAGs etc.",-5.0,0.0,ukpolitics,4594783,,
reddit_comments,BBG00D8550B3,1609504975,Kazuma_desu123,BvS,1.0,0.0,AskReddit,4594374,,
reddit_comments,BBG00D8550B3,1609510660,gever1,https://discord.gg/QjEyBVs3,1.0,0.0,DiscordLeaks,214485043,,
reddit_comments,BBG00D8550B3,1609510645,gever1,https://discord.gg/QjEyBVs3,1.0,0.0,DiscordLeaks,214485043,,
reddit_comments,BBG00D8550B3,1609545133,DOOM6136,Opening credits like in BvS perhaps,1.0,0.0,DCEUleaks,5651435,,
reddit_comments,BBG00D8550B3,1609464343,cjackc11,I always forget Holly Hunter was in BVS,32.0,0.0,moviescirclejerk,4732188,,
reddit_comments,BBG00D8550B3,1609500326,TurdFergusonIII,A bad movie would be BvS or JL.,10.0,0.0,comicbookmovies,4615309,,
reddit_comments,BBG00D8550B3,1609465264,Bhatmannn,Alright calm down there Lex Luther from BvS,4.0,0.0,AskReddit,4594374,,
reddit_comments,BBG00D8550B3,1609525689,yaredsisay16,Didn't they do all that in BvS too?,-11.0,0.0,DC_Cinematic,4972254,,
reddit_comments,BBG00D8550B3,1609505988,StarksGhost,"&gt; A lot of people really like BVS

Justice League's BO is proof that most people didn't like BvS.  The sequels pays for the sins of the previous film.",4.0,0.0,boxoffice,4620994,,
reddit_comments,BBG00D8550B3,1609471481,bidgickdood,"by the end of bvs, yes. he's crucial in clark's resurection",6.0,0.0,DC_Cinematic,4972254,,
reddit_comments,BBG00D8550B3,1609468316,TyChris2,It literally cannot be worse than BvS so I‚Äôm still excited.,3.0,0.0,moviescirclejerk,4732188,,
reddit_comments,BBG00D8550B3,1609474129,spartanking1507, [OTHER: We may be getting new footage in the BvS IMAX remaster : DC\\_Cinematic (reddit.com)](https://www.reddit.com/r/DC_Cinematic/comments/kcccps/other_we_may_be_getting_new_footage_in_the_bvs/),3.0,0.0,DC_Cinematic,4972254,,
reddit_comments,BBG00D8550B3,1609504889,shubham50,Do you really think this is the original design? BvS had completely different design.,2.0,0.0,DC_Cinematic,4972254,,
reddit_comments,BBG00D8550B3,1609516195,[deleted],Doesn't compare to the kino cinematography of mssterpiece BvS and Man of Steel,11.0,0.0,moviescirclejerk,4732188,,
reddit_comments,BBG00D8550B3,1609475031,maituwitu,"HAHA,  That BVS screenplay is well regarded in Hollywood.Ever wondered he got star wars next?",1.0,0.0,DC_Cinematic,4972254,,
reddit_comments,BBG00D8550B3,1609488531,jcupach,I really loved BvS. I would have loved to see the JLA movies as he had planned.,1.0,0.0,comicbookmovies,4615309,,
reddit_comments,BBG00D8550B3,1609475263,maituwitu,In Hollywood his BVS script is well regarded .He got a call for star wars after his Dcen run,1.0,0.0,DC_Cinematic,4972254,,
reddit_comments,BBG00D8550B3,1609524525,nas690,"Eh, I‚Äôd go Superman 2 (Richard Donner Cut), MOS, Superman, BvS, Superman Returns, Superman 3 and Superman 4",4.0,0.0,DC_Cinematic,4972254,,
reddit_comments,BBG00D8550B3,1609483661,SirFireHydrant,"&gt; You asked for sources to show people really like BvS

No, they asked for sources that *a lot* of people like BvS. All you've done is link to a bunch of delusional rants by people who wouldn't know good cinema if it smacked them upside the head.",7.0,0.0,boxoffice,4620994,,
reddit_comments,BBG00D8550B3,1609511315,mkasvi,"Ben's relapse happened after BvS, but that's due to the mess WB created when they were planning to fire Snyder.",4.0,0.0,SnyderCut,50141542,,
reddit_comments,BBG00D8550B3,1609469421,[deleted],"&gt; Worst are the recent shiny nonsensical crap explosions from DC (BvS, Justice League).

I wouldn't describe them as ""shiny"".",2.0,0.0,dataisbeautiful,4738505,,
reddit_comments,BBG00D8550B3,1609477821,chanma50,"&gt;A lot of people really like BVS

A small but vocal minority did, as evidenced by its historically bad reception. It is the only film in history to open above $100M and not make 2x its opening weekend. BvS's reviews make WW84's reviews look like The Dark Knight in comparison.",24.0,0.0,boxoffice,4620994,,
reddit_comments,BBG00D8550B3,1609494890,NuPNua,I've only seen the extended version of BvS and I thought it was shite so the cinema release must have been dire.,1.0,0.0,comicbooks,4595207,,
reddit_comments,BBG00D8550B3,1609536165,JackOfAllInterests1,Wonder Woman and Shazam were great. But Man Of Steel was boring AF and Suicide Squad and BVS (while overhated) certainly weren‚Äôt good.,5.0,0.0,movies,4594456,,
reddit_comments,BBG00D8550B3,1609510715,Infinity_entropy,Will it actually be rated r or will it be like BvS ultimate edition and Birds of Prey who pretended to be rated r,0.0,1.0,DC_Cinematic,4972254,,
reddit_comments,BBG00D8550B3,1609531990,becauseLemonsThatsY,"My best highlight from the movie? Hearing ""Beautiful lie"" from BvS at the climax of the movie. Nice touch and such a good soundtrack.",0.0,0.0,DC_Cinematic,4972254,,
reddit_comments,BBG00D8550B3,1609513791,daffydunk,"I am no fan of BVS, but I firmly disagree that it made anyone a worse person. 

The morality of Batman‚Äôs existence was addressed through intersectionality; something we have never seen done before. I also think it was meant to be a shock to the system like MoS was. Turning people away from violence by showing the ugly sides of it. 

It‚Äôs actually the only thing I like about BVS for the most part. Unlike almost any other comic book movie; BVS makes you feel guilty for enjoying the glorification of violence and I think that was intentional.",2.0,0.0,DCcomics,4600318,,
reddit_comments,BBG00D8550B3,1609523763,VaguelyShingled,"It‚Äôs maybe the 3rd best Superman movie ever made. 

In order:

Superman
Superman II
MoS/Superman Returns
Superman III
Superman IV
BvS",-7.0,0.0,DC_Cinematic,4972254,,
reddit_comments,BBG00D8550B3,1609483721,SirFireHydrant,"More people liked TLJ than BvS too. As evidenced by the fact that it made more money, had better reviews, and its sequel didn't flop.",10.0,0.0,boxoffice,4620994,,
reddit_comments,BBG00D8550B3,1609534544,richmproject,"the emotion (seeing WW sad &amp; somewhat helpless), elongated speech (omg), &amp; the world's chaos did not fit the score. it's disrespectful to the BvS opening.",3.0,1.0,DCEUleaks,5651435,,
reddit_comments,BBG00D8550B3,1609505529,FarronFox,"I dont think there's any real glaring issues of things shown in BvS or Justice League and this. 

What are the continuity issues you think exist?",3.0,0.0,DC_Cinematic,4972254,,
reddit_comments,BBG00D8550B3,1609517853,EggMcSausage,"tbh this isn‚Äôt that bad, it‚Äôs execution is a bit cringe but it‚Äôs kinda funny and also pointing out how fucking stupid BvS is.",2.0,1.0,MarvelCringe,40754476,,
reddit_comments,BBG00D8550B3,1609544350,darknightbrighttlite,"This is not holly, it's a girl called  Courtney Tailor:  


 https://www.instagram.com/p/BVS8T81F5MF/?utm\\_source=ig\\_web\\_copy\\_link",3.0,0.0,TheHollyWilloughby,5772917,,
reddit_comments,BBG00D8550B3,1609498039,KungFooShepard,"Then it‚Äôs Jason. It was never mentioned in BvS that it was Dick, maybe ZSJL will confirm it but we‚Äôll just have to wait and see.",24.0,0.0,DC_Cinematic,4972254,,
reddit_comments,BBG00D8550B3,1609477173,[deleted],"The Snyderverse gave us the worst reviewed films of DC. BoP and WW84 are straight up masterpieces compared to BvS, Suicide Squad and the Justice League.",23.0,0.0,boxoffice,4620994,,
reddit_comments,BBG00D8550B3,1609473944,Bhatmannn,I‚Äôm just referencing when at the end of BvS he acts like a crazy nugget and goes ‚ÄúTHEY‚ÄôRE COMING! AND THEY‚ÄôRE HUNGRY!‚Äù Or smth like that,3.0,0.0,AskReddit,4594374,,
reddit_comments,BBG00D8550B3,1609529454,yaredsisay16,"BvS directed by Whedon? When did I say that?

Im talking about the exposed cleavage for majority of her screen time and the upskirt shot during the final battle.",-5.0,0.0,DC_Cinematic,4972254,,
reddit_comments,BBG00D8550B3,1609470771,AdamScoot,BVS especially was a literally darker movie though. Even watching some clips on YouTube I struggle to see what's happening on the screen because it's lit so poorly IMO,0.0,1.0,comicbooks,4595207,,
reddit_comments,BBG00D8550B3,1609464549,Dubb18,"\\*more accurate to say BvS Lex was an amalgamation of different Lex Luthors.  

[https://www.youtube.com/watch?v=JIdwjUSFzMw](https://www.youtube.com/watch?v=JIdwjUSFzMw)",1.0,0.0,comicbookmovies,4615309,,
reddit_comments,BBG00D8550B3,1609477816,derstherower,"&gt; A lot of people really like BVS

A lot of people liked TLJ, too. But *most* people did not and making more movies in that style is not a winning formula.",8.0,0.0,boxoffice,4620994,,
reddit_comments,BBG00D8550B3,1609539250,Signal_Flare303,"Supposedly all three Snyder films were made with a central story, so I think a lot of the elements people didn't like were intentionally setup. Probably a better version of BvS.",2.0,0.0,MauLer,42868212,,
reddit_comments,BBG00D8550B3,1609499247,bsousa717,"Yeah, and then he proceeded to write BvS and TROS.

Guy's riding his luck with that one Oscar. This Snyder Cut has high potential to be just as dreadful if not worse.",5.0,0.0,comicbookmovies,4615309,,
reddit_comments,BBG00D8550B3,1609470584,Mddcat04,Given that DC is apparently willing to re-hire Snyder to finish the ‚ÄúSnyder cut‚Äù would suggest that they don‚Äôt. BvS was far more of a cinematic abomination than WW84.,4.0,0.0,dataisbeautiful,4738505,,
